English,Spanish
the,la
be,ser
and,y
of,de
a,a
in,en
to,a
have,tener
to,a
it,eso
I,yo
that,eso
for,por
you,usted
he,él
with,con
on,en
do,hacer
s,s
say,decir
they,ellos
this,esto
but,pero
at,a
we,nosotros
his,su
from,de
that,eso
not,no
n't,Nuevo Testamento
by,por
or,o
she,ella
as,como
what,qué
go,Vamos
their,su
will,voluntad
who,quién
can,puede
get,conseguir
if,si
all,todas
would,haría
her,su
make,hacer
about,acerca de
my,mi
know,saber
as,como
there,allá
one,uno
up,hasta
time,hora
year,año
so,asi que
think,pensar
see,ver
which,cual
when,cuándo
some,alguno
them,ellos
people,gente
take,llevar
me,a mí
out,afuera
into,en
just,justo
him,a él
come,venir
your,su
now,ahora
could,podría
than,que
like,como
other,otro
then,después
how,cómo
its,su
two,dos
our,nuestro
more,más
these,estas
want,desear
way,manera
no,no
look,Mira
first,primero
also,además
new,nuevo
because,porque
day,día
more,más
use,utilizar
man,hombre
here,aquí
find,encontrar
give,dar
thing,cosa
well,bien
many,muchos
only,solo
those,aquellos
tell,contar
very,muy
one,uno
even,incluso
her,su
back,espalda
any,alguna
good,bueno
us,nosotros
through,mediante
woman,mujer
life,la vida
child,niño
there,allá
down,abajo
work,trabaja
after,después
call,llamada
may,puede
world,mundo
over,sobre
should,debería
still,todavía
try,intentar
in,en
school,escuela
as,como
last,ultimo
ask,pedir
too,también
need,necesitar
three,Tres
feel,sentir
when,cuándo
become,convertirse
state,Expresar
never,Nunca
between,Entre
high,alto
something,algo
really,De Verdad
most,mayoría
another,otro
much,mucho
own,propio
family,familia
out,afuera
house,casa
leave,vete
put,poner
old,antiguo
on,en
while,tiempo
mean,significar
let,dejar
why,por qué
president,presidente
keep,mantener
same,mismo
great,Excelente
begin,comenzar
big,grande
seem,parecer
group,grupo
country,país
talk,hablar
problem,problema
where,donde
turn,giro
student,alumno
every,todos
hand,mano
help,ayudar
against,contra
start,comienzo
American,Americano
part,parte
show,mostrar
about,acerca de
over,sobre
might,podría
such,semejante
place,lugar
again,otra vez
city,ciudad
case,caso
most,mayoría
few,pocos
system,sistema
week,semana
where,donde
company,empresa
each,cada
percent,por ciento
hear,oír
so,asi que
during,durante
question,pregunta
right,derecho
program,programa
work,trabaja
run,correr
number,número
small,pequeña
government,gobierno
play,tocar
off,apagado
move,moverse
like,como
always,siempre
night,noche
believe,creer
today,hoy
hold,mantener
point,punto
live,En Vivo
happen,suceder
bring,traer
next,próximo
without,sin que
before,antes de
large,largo
must,debe
all,todas
war,guerra
home,casa
under,por debajo
room,habitación
fact,hecho
area,área
national,nacional
write,escribe
money,dinero
right,derecho
story,historia
water,agua
mother,madre
different,diferente
young,joven
month,mes
lot,lote
book,libro
eye,ojo
study,estudiar
job,trabajo
kind,amable
word,palabra
issue,asunto
side,lado
four,cuatro
business,negocio
though,aunque
head,cabeza
far,lejos
long,largo
black,negro
million,millón
both,ambas cosas
little,pequeña
yes,si
after,después
since,ya que
around,alrededor
long,largo
provide,proveer
service,Servicio
important,importante
sit,sentar
away,fuera
friend,amigo
however,sin embargo
power,poder
no,no
yet,todavía
father,padre
hour,hora
often,con frecuencia
until,Hasta que
political,político
line,línea
end,fin
stand,estar de pie
among,entre
game,juego
ever,siempre
lose,perder
bad,malo
member,miembro
meet,encontrarse
pay,pagar
law,ley
almost,casi
car,auto
later,luego
much,mucho
name,nombre
include,incluir
five,cinco
center,centro
once,una vez
university,Universidad
continue,Seguir
least,menos
real,verdadero
white,blanco
change,cambio
set,colocar
several,varios
ago,atrás
information,información
nothing,nada
community,comunidad
best,mejor
right,derecho
idea,idea
lead,Plomo
body,cuerpo
learn,aprender
kid,niño
minute,minuto
table,mesa
whether,ya sea
understand,comprender
team,equipo
back,espalda
watch,mirar
together,juntos
follow,seguir
around,alrededor
only,solo
stop,parada
face,rostro
anything,cualquier cosa
public,público
social,social
already,ya
parent,padre
speak,hablar
create,crear
office,oficina
allow,permitir
level,nivel
read,leer
spend,gastar
person,persona
door,puerta
sure,Por supuesto
add,agregar
street,calle
such,semejante
history,historia
party,fiesta
grow,crecer
reason,razón
morning,Mañana
open,abierto
within,dentro
change,cambio
although,a pesar de
walk,caminar
news,Noticias
health,salud
court,Corte
force,fuerza
early,temprano
himself,él mismo
air,aire
low,bajo
before,antes de
art,Arte
result,resultado
moment,momento
offer,oferta
both,ambas cosas
remember,recordar
research,investigar
enough,suficiente
girl,chica
boy,chico
win,ganar
food,alimento
across,al otro lado de
guy,chico
second,segundo
able,capaz
toward,hacia
maybe,quizás
process,proceso
off,apagado
everything,todo
appear,aparecer
age,años
policy,política
consider,considerar
including,incluido
probably,probablemente
education,educación
love,amar
actually,Realmente
buy,comprar
wait,Espere
die,morir
human,humano
send,enviar
fee,tarifa
expect,suponer
serve,atender
sense,sentido
teacher,profesor
home,casa
market,mercado
stay,Quédate
build,construir
nation,nación
fall,caer
oh,Oh
death,muerte
plan,plan
interest,interés
someone,alguien
experience,experiencia
cut,Corte
kill,matar
behind,detrás
reach,llegar
six,seis
local,local
remain,permanecer
effect,efecto
suggest,sugerir
use,utilizar
control,control
perhaps,tal vez
raise,elevar
class,clase
late,tarde
little,pequeña
major,importante
yeah,sí
else,más
pass,pasar
photo,foto
sell,vender
themselves,ellos mismos
field,campo
college,facultad
sometimes,a veces
former,anterior
development,desarrollo
require,exigir
along,a lo largo de
decide,decidir
security,seguridad
up,hasta
possible,posible
effort,esfuerzo
role,role
better,mejor
rate,índice
strong,fuerte
music,música
report,informe
leader,líder
light,ligero
whole,entero
voice,voz
color,color
heart,corazón
care,cuidado
police,policía
economic,económico
wife,esposa
show,mostrar
mind,mente
report,informe
finally,finalmente
drug,droga
less,menos
return,retorno
according,de acuerdo a
pull,jalar
decision,decisión
explain,explique
carry,llevar
develop,desarrollar
view,vista
free,gratis
hope,esperanza
even,incluso
drive,manejar
son,hijo
arm,brazo
department,Departamento
TRUE,CIERTO
price,precio
military,militar
federal,federal
break,descanso
action,acción
value,valor
thank,agradecer
relationship,relación
town,ciudad
better,mejor
building,edificio
receive,recibir
society,sociedad
difference,diferencia
church,iglesia
full,lleno
join,entrar
road,la carretera
because,porque
international,internacional
model,modelo
position,posición
tax,impuesto
director,director
early,temprano
agree,de acuerdo
matter,importar
especially,especialmente
form,formulario
record,registro
special,especial
ground,terrestre
whose,cuyo
hard,duro
pick,elegir
paper,papel
official,oficial
season,estación
wear,vestir
event,evento
support,apoyo
space,espacio
player,jugador
everyone,todo el mundo
couple,Pareja
end,fin
base,base
project,proyecto
produce,producir
site,sitio
situation,situación
hit,pegar
industry,industria
half,mitad
activity,actividad
American,Americano
eat,come
itself,sí mismo
need,necesitar
figure,cifra
cost,costo
easy,fácil
quite,bastante
face,rostro
picture,fotografía
clear,claro
cover,cubrir
describe,describir
image,imagen
teach,enseñar
wall,pared
doctor,médico
recent,reciente
product,producto
data,datos
practice,práctica
phone,teléfono
piece,trozo
certain,cierto
either,cualquiera
oil,petróleo
simply,simplemente
test,prueba
personal,personal
star,estrella
land,tierra
third,tercera
general,general
computer,computadora
movie,película
worker,trabajador
open,abierto
catch,captura
type,escribe
support,apoyo
north,norte
love,amar
step,paso
attention,atención
technology,tecnología
organization,organización
baby,bebé
source,fuente
draw,dibujar
cause,causa
tree,árbol
film,película
choose,escoger
evidence,evidencia
Republican,Republicano
difficult,difícil
century,siglo
nearly,por poco
red,rojo
look,Mira
point,punto
window,ventana
park,parque
period,período
culture,cultura
hair,cabello
listen,escucha
chance,oportunidad
less,menos
available,disponible
brother,hermano
summer,verano
realize,darse cuenta
private,privado
no,no
science,ciencia
letter,carta
congress,congreso
condition,condición
short,pequeño
likely,probable
opportunity,oportunidad
rule,regla
choice,elección
single,único
place,lugar
patient,paciente
floor,piso
term,término
material,material
mile,milla
administration,administración
well,bien
course,curso
defense,defensa
plant,planta
energy,energía
campaign,Campaña
population,población
fire,fuego
close,cerca
daughter,hija
involve,involucrar
husband,esposo
wrong,equivocado
certainly,seguramente
increase,aumento
future,futuro
south,sur
medical,médico
call,llamada
board,junta
anyone,cualquiera
deal,negociar
hospital,hospital
rest,descanso
seek,buscar
myself,yo mismo
county,condado
fight,pelear
subject,sujeto
risk,riesgo
order,ordenar
west,Oeste
economy,economía
quickly,rápidamente
throw,lanzar
bed,cama
officer,oficial
represent,representar
soon,pronto
top,cima
fill,llenar
author,autor
past,pasado
upon,al
goal,objetivo
behavior,conducta
drop,soltar
nature,naturaleza
agency,agencia
plan,plan
recently,recientemente
second,segundo
store,Tienda
foreign,extranjero
current,Actual
performance,actuación
bank,banco
sound,sonido
push,empujar
focus,enfocar
reduce,reducir
note,Nota
before,antes de
fine,bien
near,cerca
than,que
movement,movimienot
common,común
other,otro
billion,mil millones
blood,sangre
page,página
concern,preocupación
poor,pobre
enter,ingresar
share,Cuota
each,cada
series,serie
usually,normalmente
natural,natural
hot,caliente
race,la raza
language,idioma
river,río
dead,muerto
act,Actuar
significant,significativo
no,no
response,respuesta
rise,subir
decade,década
article,artículo
thus,por lo tanto
seven,Siete
shoot,disparo
east,este
animal,animal
away,fuera
similar,similar
save,salvar
factor,factor
central,central
occur,ocurrir
committee,comité
serious,grave
sport,deporte
lie,mentir
beyond,más allá de
exactly,exactamente
despite,A pesar de
happy,feliz
eight,ocho
protect,proteger
list,lista
size,Talla
quality,calidad
pressure,presión
accept,aceptar
ready,Listo
approach,Acercarse
sign,signo
attack,ataque
individual,individual
career,carrera
answer,respuesta
dog,perro
media,medios de comunicación
thought,pensamiento
whatever,lo que sea
determine,determinar
television,televisión
meeting,reunión
scene,escena
success,éxito
prepare,preparar
identify,identificar
press,prensa
particularly,particularmente
resource,recurso
amount,Monto
argue,argumentar
recognize,reconocer
treatment,tratamiento
left,izquierda
degree,grado
stock,valores
indicate,indicar
growth,crecimiento
simple,simple
ability,habilidad
dollar,dólar
union,Unión
disease,enfermedad
everybody,todos
wonder,preguntarse
election,elección
loss,pérdida
box,caja
deal,negociar
herself,sí misma
fund,fondo
miss,pierda
pretty,bastante
region,región
feeling,sentimiento
lay,poner
training,capacitación
message,mensaje
arrive,llegar
standard,estándar
outside,afuera
fail,fallar
trade,comercio
staff,personal
benefit,beneficio
character,personaje
army,ejército
association,asociación
operation,operación
present,regalo
crime,delito
name,nombre
cup,taza
island,isla
analysis,análisis
check,controlar
answer,respuesta
photograph,fotografía
glass,vidrio
forward,adelante
authority,autoridad
earth,tierra
stage,etapa
one,uno
act,Actuar
sort,clasificar
station,estación
clearly,claramente
little,pequeña
compare,comparar
indeed,Por supuesto
public,público
knowledge,conocimiento
state,Expresar
blue,azul
example,ejemplo
strategy,estrategia
mountain,montaña
guess,adivinar
sister,hermana
force,fuerza
gun,pistola
various,varios
laugh,risa
environment,medioambiente
design,diseño
sun,sol
lawyer,abogado
sex,sexo
rather,bastante
artist,artista
club,club
prove,demostrar
section,sección
skill,habilidad
truth,verdad
set,colocar
ok,OK
manager,gerente
executive,ejecutivo
district,distrito
claim,reclamar
forget,olvidar
hang,colgar
entire,entero
leg,pierna
enough,suficiente
design,diseño
close,cerca
study,estudiar
since,ya que
environmental,ambiental
establish,establecer
democratic,democrático
remove,retirar
main,principal
professor,profesor
financial,financiero
enjoy,disfrutar
network,red
sound,sonido
discuss,discutir
form,formulario
final,final
trial,prueba
legal,legal
help,ayudar
cold,frío
above,encima
rock,roca
that,eso
seat,asiento
weapon,arma
song,canción
expert,experto
radio,radio
nice,bonito
avoid,evitar
memory,memoria
management,administración
charge,cargar
spring,primavera
card,tarjeta
maintain,mantener
theory,teoría
care,cuidado
visit,visitar
imagine,imaginar
finish,terminar
statement,declaración
firm,firma
huge,gigante
respond,responder
popular,popular
hard,duro
physical,físico
talk,hablar
traditional,tradicional
contain,Contiene
peace,paz
green,verde
thanks,Gracias
control,control
Democrat,Demócrata
base,base
impact,impacto
structure,estructura
tonight,esta noche
note,Nota
direction,dirección
fly,volar
onto,sobre
king,rey
reveal,revelar
cell,célula
religious,religioso
ball,bola
particular,particular
employee,empleado
head,cabeza
suddenly,repentinamente
apply,solicitar
shake,sacudir
cultural,cultural
chair,silla
PM,PM
justice,justicia
discover,descubrir
measure,medida
politics,política
manage,gestionar
treat,tratar
yourself,usted mismo
pain,dolor
evening,anochecer
rather,bastante
unit,unidad
affect,afectar
play,tocar
production,producción
bit,un poco
inside,en el interior
far,lejos
range,alcance
top,cima
worry,preocuparse
perform,llevar a cabo
necessary,necesario
conference,conferencia
individual,individual
candidate,candidato
museum,museo
specific,específico
best,mejor
throughout,a lo largo de
hall,salón
past,pasado
fish,pez
trip,viaje
mention,mencionar
edge,borde
trouble,problema
interview,entrevista
style,estilo
middle,medio
cause,causa
ten,diez
weight,peso
adult,adulto
dream,sueño
fear,miedo
dark,oscuro
sign,signo
method,método
somebody,alguien
magazine,revista
reflect,reflejar
heavy,pesado
soldier,soldado
property,propiedad
beautiful,hermosa
writer,escritor
stuff,cosas
camera,cámara
improve,mejorar
shoulder,hombro
bar,bar
hotel,hotel
instead,en cambio
hill,Cerro
exist,existir
sea,mar
institution,institución
purpose,propósito
pattern,patrón
detail,detalle
machine,máquina
challenge,desafío
owner,propietario
agent,agente
tough,difícil
ahead,adelante
generation,generación
commercial,comercial
whom,a quién
fall,caer
down,abajo
surface,superficie
budget,presupuesto
senator,senador
bag,bolso
reality,realidad
editor,editor
tend,tender
address,dirección
civil,civil
step,paso
discussion,discusión
test,prueba
mom,mamá
violence,violencia
total,total
skin,piel
heat,calor
council,Consejo
notice,darse cuenta
beat,derrotar
nor,ni
modern,moderno
vote,votar
sing,cantar
cancer,cáncer
finger,dedo
lake,lago
wish,desear
marriage,casamiento
victim,víctima
task,tarea
yard,yarda
kitchen,cocina
item,artículo
responsibility,responsabilidad
mouth,boca
agreement,convenio
attorney,abogado
capital,capital
threat,amenaza
smile,sonrisa
gas,gas
instead,en cambio
positive,positivo
track,pista
investment,inversión
account,cuenta
break,descanso
rich,rico
citizen,ciudadano
audience,audiencia
lady,dama
dinner,cena
western,occidental
debate,debate
consumer,consumidor
majority,mayoria
interesting,interesante
prevent,prevenir
travel,viajar
born,Nació
relate,relatar
assume,asumir
none,ninguno
admit,admitir
front,parte delantera
figure,cifra
coach,entrenador
partner,pareja
shot,Disparo
scientist,científico
senior,sénior
suffer,sufrir
alone,solo
collection,recopilación
successful,exitoso
speech,discurso
eventually,eventualmente
key,llave
mission,misión
score,puntaje
newspaper,periódico
wind,viento
reform,reforma
concerned,preocupado
professional,profesional
relation,relación
troops,tropas
garden,jardín
access,acceso
publish,publicar
recall,recuerdo
Soviet,Soviético
cost,costo
southern,del Sur
senate,senado
opinion,opinión
option,opción
judge,juez
original,original
customer,cliente
critical,crítico
corner,esquina
basic,básico
income,ingreso
directly,directamente
own,propio
release,lanzamiento
restaurant,restaurante
neighborhood,vecindario
effective,eficaz
labor,labor
nobody,nadie
stare,mirar fijamente
immediately,inmediatamente
achieve,lograr
forest,bosque
dad,papá
hurt,daño
video,video
strike,Huelga
safety,seguridad
absolutely,absolutamente
therefore,por lo tanto
freedom,libertad
version,versión
like,como
plane,avión
attitude,actitud
sexual,sexual
refer,referirse
fresh,nuevo
involved,involucrado
powerful,poderoso
bird,pájaro
touch,toque
variety,variedad
deep,profundo
text,texto
wide,ancho
credit,crédito
nine,nueve
sleep,dormir
investigation,investigación
hope,esperanza
announce,anunciar
by,por
completely,completamente
vote,votar
conduct,conducta
conflict,conflicto
replace,reemplazar
attend,atender
participant,partícipe
argument,argumento
object,objeto
please,por favor
nuclear,nuclear
sky,cielo
along,a lo largo de
afternoon,tarde
hundred,ciento
encourage,animar
perfect,Perfecto
possibility,posibilidad
turn,giro
British,británico
once,una vez
examine,examinar
conversation,conversacion
generally,en general
beginning,comienzo
secretary,secretario
experience,experiencia
beach,playa
safe,seguro
spirit,espíritu
weekend,fin de semana
date,fecha
define,definir
feature,rasgo
global,global
very,muy
element,elemento
attempt,intentar
slowly,despacio
governor,gobernador
through,mediante
concept,concepto
sorry,lo siento
easily,fácilmente
battle,batalla
league,liga
camp,acampar
introduce,introducir
status,estado
insurance,seguro
complete,completo
stick,vara
solution,solución
web,web
vision,visión
stone,piedra
lack,ausencia
driver,conductor
normal,normal
truck,camión
minister,ministro
handle,manejar
hole,agujero
front,parte delantera
fan,ventilador
spot,Mancha
crisis,crisis
supposed,supuesto
refuse,negar
drink,bebida
researcher,investigador
tradition,tradicion
communication,comunicación
distance,distancia
ship,Embarcacion
gain,ganar
express,Rápido
independent,independiente
ice,hielo
scale,escala
brain,cerebro
winter,invierno
commission,comisión
wood,madera
increase,aumento
return,retorno
division,división
species,especies
AM,SOY
roll,rollo
hide,esconder
middle,medio
client,cliente
resident,residente
contract,contrato
gold,oro
future,futuro
potential,potencial
presence,presencia
institute,instituto
screen,pantalla
run,correr
Chinese,Chino
horse,caballo
European,europeo
target,objetivo
willing,dispuesto
survey,encuesta
interested,interesado
chief,jefe
crowd,multitud
prison,prisión
terms,términos
obviously,obviamente
basis,base
apartment,Departamento
farm,granja
flight,vuelo
shape,forma
demand,demanda
strength,fortaleza
village,pueblo
operate,funcionar
reporter,reportero
share,Cuota
guard,Guardia
observe,observar
deliver,entregar
count,contar
inside,en el interior
advantage,ventaja
wild,salvaje
previous,anterior
average,promedio
emerge,surgir
contribute,contribuir
leadership,liderazgo
boat,bote
facility,instalaciones
present,regalo
earn,ganar
highly,altamente
vehicle,vehículo
pound,libra
tiny,diminuto
understanding,comprensión
settle,resolver
unless,a menos que
tomorrow,mañana
foundation,Fundación
quick,rápido
block,bloquear
light,ligero
reader,lector
collect,recopilar
guest,huésped
living,viviendo
tool,herramienta
protection,proteccion
fair,justo
additional,adicional
promote,promover
equipment,equipo
mostly,principalmente
order,ordenar
painting,pintura
feed,alimento
principle,principio
bowl,cuenco
claim,reclamar
technique,técnica
limit,límite
identity,identidad
title,título
critic,crítico
survive,sobrevivir
cry,llorar
border,frontera
lift,elevar
path,camino
aspect,aspecto
marry,casar
shop,tienda
failure,falla
ride,paseo
responsible,responsable
gather,recolectar
jump,saltar
sample,muestra
affair,asunto
result,resultado
worth,valer
fit,encajar
chairman,presidente
until,Hasta que
lesson,lección
Christmas,Navidad
insist,insistir
anybody,cualquiera
folk,gente
band,banda
ear,oído
procedure,procedimiento
associate,asociado
inch,pulgada
warm,cálido
African,africano
French,Francés
baseball,béisbol
demonstrate,demostrar
foot,pie
Christian,cristiano
approach,Acercarse
competition,competencia
measure,medida
afraid,atemorizado
spread,desparramar
ignore,pasar por alto
soft,suave
annual,anual
wonderful,maravilloso
threaten,amenazar
commit,comprometerse
deny,denegar
intelligence,inteligencia
regular,regular
influence,influencia
general,general
past,pasado
reaction,reacción
cross,cruzar
master,Maestro
suit,traje
blow,soplar
destroy,destruir
gift,regalo
coffee,café
anyway,de todos modos
belief,creencia
comment,comentario
apparently,aparentemente
twice,dos veces
background,antecedentes
quarter,cuarta parte
review,revisión
faith,fe
move,moverse
speed,velocidad
engage,comprometer
broad,amplio
perspective,perspectiva
slightly,levemente
growing,creciente
view,vista
function,función
construction,construcción
egg,huevo
charge,cargar
wave,ola
female,femenino
murder,asesinato
tape,Cinta
burn,Quemadura
means,significa
aware,consciente
mistake,error
quiet,tranquilo
connection,conexión
shoe,zapato
clothes,ropa
promise,promesa
religion,religión
complete,completo
united,unido
context,contexto
active,activo
focus,enfocar
youth,juventud
location,localización
neighbor,vecino
dress,vestir
Internet,Internet
category,categoría
dangerous,peligroso
extend,extender
combine,combinar
demand,demanda
coast,costa
relatively,relativamente
smile,sonrisa
bus,autobús
hey,Oye
chief,jefe
following,siguiendo
depend,depender
key,llave
hell,infierno
visit,visitar
bone,hueso
cook,cocinero
fire,fuego
direct,directo
native,nativo
cool,frio
cut,Corte
remind,recordar
historical,histórico
moral,moral
voter,votante
appropriate,adecuado
famous,famoso
hire,contratar
victory,victoria
contact,contacto
fully,completamente
negative,negativo
medicine,medicamento
participate,participar
grade,calificación
eastern,oriental
supply,suministrar
yesterday,ayer
familiar,familiar
democracy,la democracia
pair,par
drive,manejar
healthy,saludable
front,parte delantera
tie,Corbata
birth,nacimiento
progress,Progreso
damage,daño
exchange,intercambio
bottom,fondo
daily,diariamente
next,próximo
document,documento
grand,grandioso
journal,diario
knee,rodilla
primary,primario
otherwise,de lo contrario
train,tren
grab,agarrar
circle,círculo
lean,inclinarse
wine,vino
minority,minoría
flower,flor
device,dispositivo
Iraqi,iraquí
plate,placa
attack,ataque
clean,limpio
alive,viva
actor,actor
hate,odio
expression,expresión
below,debajo
bright,brillante
press,prensa
tour,recorrido
finding,hallazgo
exercise,ejercicio
plastic,el plastico
danger,peligro
neck,cuello
valley,Valle
academic,académico
start,comienzo
application,solicitud
intend,pretender
male,masculino
tall,alto
shut,cerrar
lots,un montón
Indian,indio
respect,el respeto
colleague,colega
writing,escribiendo
rain,lluvia
fast,rápido
football,fútbol americano
welcome,bienvenidos
domestic,doméstico
pool,piscina
literature,literatura
extra,extra
northern,del Norte
desire,deseo
direct,directo
fight,pelear
corporate,corporativo
session,sesión
supreme,supremo
studio,estudio
Russian,ruso
nod,asentir
learning,aprendizaje
climb,escalada
importance,importancia
somewhere,algun lado
expand,expandir
fourth,cuatro
dry,seco
disappear,desaparecer
abuse,abuso
chicken,pollo
obtain,obtener
map,mapa
carefully,con cuidado
close,cerca
increasingly,cada vez más
greatest,mejor
complex,complejo
metal,metal
lead,Plomo
above,encima
jury,jurado
sweet,dulce
proposal,propuesta
impossible,imposible
scientific,científico
ticket,boleto
leaf,lámina
classroom,aula
surround,rodear
lunch,comida
alone,solo
meaning,sentido
injury,lesión
invite,invitar
enemy,enemigo
repeat,repetir
bear,soportar
lip,labio
mayor,alcalde
award,premio
attempt,intentar
commitment,compromiso
consequence,consecuencia
instruction,instrucción
surprise,sorpresa
poll,encuesta
favorite,favorito
explore,explorar
predict,predecir
adopt,adoptar
sight,vista
storm,tormenta
half,mitad
assessment,evaluación
weather,clima
pocket,bolsillo
aid,ayuda
reading,lectura
thin,delgada
soul,alma
strange,extraño
married,casado
organize,organizar
conclusion,conclusión
fuel,combustible
urban,urbano
belong,pertenecer
salt,sal
farmer,agricultor
straight,derecho
advice,consejo
cover,cubrir
balance,balance
temperature,la temperatura
empty,vacío
conclude,concluir
somehow,de alguna manera
presidential,presidencial
limit,límite
prime,principal
breast,seno
desk,escritorio
record,registro
breath,aliento
theater,teatro
under,por debajo
acknowledge,reconocer
theme,temática
fat,gordo
software,software
sugar,azúcar
educational,educativo
thousand,mil
code,código
fear,miedo
connect,conectar
yellow,amarillo
instrument,instrumento
Japanese,japonés
panel,panel
library,biblioteca
expensive,costoso
emotional,emocional
engine,motor
propose,proponer
mental,mental
difficulty,dificultad
train,tren
brown,marrón
basically,básicamente
last,ultimo
average,promedio
ring,anillo
mark,Marcos
locate,localizar
search,buscar
largely,en gran parte
possibly,posiblemente
anymore,más
generate,generar
regional,regional
obvious,obvio
angry,enojado
analyst,analista
accident,accidente
trend,tendencia
like,como
appearance,apariencia
currently,actualmente
shadow,sombra
being,ser
moon,luna
bridge,puente
but,pero
recommend,recomendar
hearing,escuchando
fruit,Fruta
dance,bailar
shift,turno
comfortable,cómodo
struggle,dificil
revenue,ingresos
notion,noción
okay,okey
package,paquete
ought,debería
traffic,tráfico
internal,interno
prefer,preferir
crew,tripulación
search,buscar
profit,lucro
regulation,regulación
link,Enlace
thinking,pensando
hardly,difícilmente
airport,aeropuerto
human,humano
extremely,extremadamente
sick,enfermo
capture,captura
unique,único
actual,actual
chest,tórax
meal,comida
beauty,belleza
extent,medida
defend,defender
visitor,visitante
outside,afuera
judge,juez
dozen,docena
declare,declarar
emergency,emergencia
ad,anuncio
truly,verdaderamente
planet,planeta
select,Seleccione
ethnic,étnico
nose,nariz
loan,préstamo
cash,dinero
contribution,contribución
slow,lento
contrast,contraste
bottle,botella
launch,lanzamiento
novel,novela
feature,rasgo
duty,deber
root,raíz
content,contenido
component,componente
appreciate,valorar
circumstance,circunstancia
teaching,enseñando
paint,pintura
matter,importar
thick,grueso
cat,gato
neither,ninguno de los dos
standard,estándar
ourselves,Nosotros mismos
correct,correcto
warn,advertir
capacity,capacidad
challenge,desafío
convention,convención
politician,político
pursue,perseguir
setting,entorno
zone,zona
dress,vestir
pilot,piloto
ensure,garantizar
ultimately,por último
male,masculino
wake,despertar
shirt,camisa
influence,influencia
guide,guía
AIDS,SIDA
mix,mezcla
slip,deslizar
steal,robar
late,tarde
frequently,frecuentemente
blame,culpar
sheet,hoja
estimate,estimar
relief,alivio
combination,combinación
investor,inversor
due,adeudado
silence,silencio
manner,conducta
muscle,músculo
branch,sucursal
chain,cadena
long,largo
telephone,teléfono
investigate,investigar
German,Alemán
percentage,porcentaje
outcome,Salir
estate,bienes
forth,adelante
stress,estrés
equal,igual
English,inglés
welfare,bienestar
typical,típico
crazy,loco
except,excepto
funny,divertido
meat,carne
appeal,apelación
long-term,a largo plazo
official,oficial
eliminate,eliminar
used,usó
motion,movimiento
complain,quejarse
row,fila
Jewish,judío
kick,patada
snow,nieve
producer,productor
solve,resolver
just,justo
issue,asunto
opposition,oposición
basketball,baloncesto
rely,confiar
conservative,conservador
trust,confianza
back,espalda
address,dirección
mirror,espejo
tank,tanque
range,alcance
significantly,significativamente
somewhat,un poco
attract,atraer
anywhere,en cualquier lugar
regime,régimen
fix,arreglar
entirely,enteramente
afford,solventar
length,largo
secret,secreto
pleasure,Placer
file,expediente
tooth,diente
confirm,confirmar
separate,separado
golden,dorado
photograph,fotografía
meanwhile,Entretanto
except,excepto
now,ahora
channel,canal
bedroom,habitación
requirement,requisito
ancient,antiguo
coverage,cobertura
trail,sendero
bear,soportar
host,anfitrión
his,su
check,controlar
stand,estar de pie
surgery,cirugía
perception,percepción
rare,extraño
struggle,dificil
era,era
grant,conceder
file,expediente
ocean,Oceano
seriously,en serio
clear,claro
confidence,confianza
aside,aparte
tear,lágrima
judgment,juicio
industrial,industrial
expectation,expectativa
resolution,resolución
copy,Copiar
wing,ala
doubt,duda
fun,divertida
totally,totalmente
pour,verter
gender,género
surprised,sorprendido
beer,cerveza
clean,limpio
score,puntaje
bond,vínculo
plus,más
debt,deuda
smart,elegante
English,inglés
terrible,horrible
witness,testigo
reference,referencia
account,cuenta
separate,separado
mean,significar
vice,vicio
black,negro
rest,descanso
hero,héroe
bomb,bomba
below,debajo
rating,clasificación
busy,ocupado
cite,citar
corporation,corporación
representative,representante
everywhere,En todas partes
soil,tierra
highway,autopista
frame,marco
stretch,estirarse
oppose,oponerse a
Catholic,católico
cloud,nube
initial,inicial
variable,variable
essential,básico
travel,viajar
improvement,mejora
opening,apertura
necessarily,necesariamente
nurse,enfermero
incident,incidente
abortion,aborto
divide,dividir
aim,apuntar
tired,cansado
careful,Cuidado
question,pregunta
cheap,barato
beside,al lado de
apart,aparte
criminal,delincuente
employ,emplear
rush,correr
user,usuario
upper,Superior
winner,ganador
fashion,Moda
tip,propina
apple,manzana
rise,subir
vast,enorme
specifically,específicamente
limited,limitado
enormous,enorme
holiday,vacaciones
e-mail,Email
emphasize,enfatizar
merely,meramente
dance,bailar
core,núcleo
match,partido
landscape,paisaje
overall,general
golf,golf
lack,ausencia
virtually,virtualmente
route,ruta
flow,flujo
fewer,menos
cable,cable
gate,portón
tie,Corbata
proud,orgulloso
promise,promesa
dish,plato
beneath,bajo
increased,aumentó
succeed,triunfar
barely,apenas
narrow,angostas
solid,sólido
contemporary,contemporáneo
accuse,acusar
unfortunately,desafortunadamente
useful,útil
noise,ruido
expose,exponer
mass,masa
multiple,múltiple
vegetable,vegetal
seed,semilla
reject,rechazar
decline,rechazar
experiment,experimento
legislation,legislación
hat,sombrero
either,cualquiera
secret,secreto
massive,masivo
grass,hierba
definitely,definitivamente
closer,cerca
liberal,liberal
stir,remover
captain,capitán
revolution,revolución
typically,típicamente
sector,sector
hand,mano
approve,aprobar
uncle,tío
volume,volumen
explanation,explicación
sentence,frase
escape,Escapar
unusual,inusual
distribution,distribución
rural,rural
cast,emitir
drink,bebida
sleep,dormir
household,familiar
celebrate,celebrar
taste,gusto
characteristic,característica
outside,afuera
addition,suma
acquire,adquirir
closely,cercanamente
proper,adecuado
tone,tono
topic,tema
towards,hacia
waste,desperdiciar
wheel,rueda
athlete,atleta
convince,convencer
alternative,alternativa
pepper,pimienta
cream,crema
land,tierra
technical,técnico
square,cuadrado
plenty,mucho
behind,detrás
invest,invertir
mind,mente
potential,potencial
regard,respecto
intervention,intervención
illegal,ilegal
lower,más bajo
compete,competir
talent,talento
guilty,culpable
living,viviendo
milk,Leche
height,altura
list,lista
live,En Vivo
assistance,asistencia
personality,personalidad
Israeli,israelí
gay,gay
forever,para siempre
assess,evaluar
weak,débil
female,femenino
cigarette,cigarrillo
permit,permiso
passenger,pasajero
criticism,crítica
twenty,veinte
honor,honor
creative,creativo
offer,oferta
knock,golpear
display,mostrar
campus,instalaciones
definition,definición
gray,gris
signal,señal
warning,advertencia
physician,médico
column,columna
interaction,interacción
dramatic,dramático
review,revisión
republic,república
primarily,ante todo
priority,prioridad
achievement,logro
fun,divertida
request,solicitud
wrap,envoltura
engineer,ingeniero
rice,arroz
scholar,erudito
airline,aerolínea
expense,gastos
observation,observación
gap,brecha
agenda,agenda
creation,creación
drag,arrastrar
suspect,sospechar
fishing,pescar
bread,pan de molde
hi,hola
unable,incapaz
scream,gritar
journalist,el periodista
constitution,constitución
lucky,afortunado
excellent,excelente
mass,masa
payment,pago
deep,profundo
selection,selección
lab,laboratorio
arrest,arrestar
deeply,profundamente
sad,triste
childhood,infancia
suppose,suponer
fairly,equitativamente
prosecutor,fiscal
violent,violento
recover,recuperar
roof,techo
amendment,enmienda
emotion,emoción
existing,existente
far,lejos
graduate,graduado
factory,fábrica
schedule,calendario
avenue,avenida
spiritual,espiritual
ride,paseo
wash,lavar
planning,planificación
self,ser
later,luego
shout,grito
silent,silencio
brief,breve
error,error
widely,ampliamente
description,descripción
dark,oscuro
immediate,inmediato
purchase,compra
leading,principal
funding,fondos
settlement,asentamiento
prayer,oración
initiative,iniciativa
coalition,coalición
comparison,comparación
portion,parte
opponent,adversario
tension,tensión
chapter,capítulo
bother,molestar
curriculum,plan de estudios
consist,consistir
immigrant,inmigrante
enable,habilitar
faculty,facultad
steel,acero
desert,Desierto
asset,activo
slow,lento
housing,alojamiento
transform,transformar
regarding,acerca de
perceive,percibir
depression,depresión
inform,informar
formal,formal
abandon,abandonar
release,lanzamiento
chip,chip
double,doble
remaining,restante
existence,existencia
cheese,queso
link,Enlace
joint,articulación
savings,ahorros
rule,regla
preserve,preservar
diet,dieta
territory,territorio
tea,té
bend,curva
gain,ganar
arrange,arreglar
resolve,resolver
walk,caminar
passage,paso
lock,cerrar
tear,lágrima
resistance,resistencia
present,regalo
stream,corriente
slide,diapositiva
green,verde
sharp,afilado
display,mostrar
cycle,ciclo
pose,pose
phase,fase
transition,transición
reduction,reducción
negotiation,negociación
manufacturer,fabricante
interview,entrevista
quote,cotizar
deserve,merecer
trust,confianza
sale,venta
layer,capa
wedding,boda
discovery,descubrimiento
mine,mía
academy,academia
sand,arena
hit,pegar
missile,misil
elect,electo
climate,clima
participation,participación
knife,cuchillo
benefit,beneficio
atmosphere,atmósfera
joke,broma
urge,urgir
ordinary,común
visual,visual
numerous,numeroso
occasion,ocasión
philosophy,filosofía
suicide,suicidio
shall,deberá
glad,contento
goods,bienes
moreover,es más
coat,Saco
consistent,coherente
alcohol,alcohol
opposite,opuesto
cop,policía
universe,universo
breathe,respirar
practical,práctico
therapy,terapia
shift,turno
racial,racial
elsewhere,en otra parte
rarely,poco frecuentemente
essentially,esencialmente
discipline,disciplina
reply,respuesta
Mexican,mexicano
passion,pasión
tale,cuento
dust,polvo
kiss,Beso
iron,planchar
independence,independencia
contact,contacto
Spanish,español
advance,avance
pot,maceta
potato,patata
motor,motor
pack,paquete
dominate,dominar
marketing,marketing
disaster,desastre
exposure,exposición
complaint,queja
cap,gorra
congressional,del congreso
jacket,chaqueta
intense,intenso
touch,toque
for,por
impose,imponer
electric,eléctrico
implement,implementar
enforcement,aplicación
analyze,analizar
sure,Por supuesto
retire,jubilarse
deficit,déficit
emphasis,énfasis
concentrate,concentrarse
accomplish,realizar
previously,previamente
symbol,símbolo
bureau,oficina
laboratory,laboratorio
attach,adjuntar
fundamental,fundamental
whenever,cuando sea
arrangement,arreglo
investigator,investigador
mark,Marcos
another,otro
shock,conmoción
adjust,ajustar
employer,empleador
visible,visible
pass,pasar
priest,sacerdote
volunteer,voluntario
interpretation,interpretación
entertainment,entretenimiento
habit,hábito
illustrate,ilustrar
equally,igualmente
prospect,perspectiva
enhance,mejorar
severe,severo
other,otro
monitor,monitor
amazing,Impresionante
poverty,pobreza
increasing,creciente
boss,jefe
inspire,inspirar
anger,enojo
heavily,fuertemente
parking,estacionamiento
print,imprimir
maker,fabricante
involvement,intervención
queen,reina
gene,gene
vary,variar
approximately,aproximadamente
gallery,galería
evaluate,evaluar
fat,gordo
trade,comercio
transfer,transferir
exercise,ejercicio
usual,habitual
mystery,misterio
entry,entrada
ring,anillo
mood,estado animico
bean,frijol
still,todavía
objective,objetivo
capable,capaz
constant,constante
light,ligero
substance,sustancia
total,total
strongly,fuertemente
exception,excepción
commander,comandante
spending,gasto
crucial,crucial
acre,acre
wire,cable
command,dominio
nervous,nervioso
cross,cruzar
so-called,así llamado
competitive,competitivo
Asian,asiático
tower,torre
veteran,veterano
creature,criatura
smoke,fumar
Arab,árabe
prince,Príncipe
alliance,Alianza
transportation,transportación
stop,parada
luck,suerte
symptom,síntoma
bury,enterrar
clinic,clínica
illness,enfermedad
championship,campeonato
prisoner,prisionero
reputation,reputación
edition,edición
juice,jugo
sauce,salsa
peak,pico
confront,confrontar
breakfast,desayuno
recognition,reconocimiento
smell,oler
ally,aliado
pure,puro
toy,juguete
salary,sueldo
electronic,electrónico
bathroom,baño
surely,seguramente
psychological,psicológico
evaluation,evaluación
dimension,dimensión
block,bloquear
race,la raza
personnel,personal
belt,cinturón
accompany,acompañar
implication,implicación
album,álbum
perfectly,perfectamente
strike,Huelga
jet,chorro
hello,Hola
shape,forma
relative,pariente
tourist,turista
phenomenon,fenómeno
fellow,compañero
toss,sacudida
publication,publicación
nearby,cercano
consideration,consideración
rather,bastante
holy,santo
enterprise,empresa
due,adeudado
inner,interno
watch,mirar
Indian,indio
pray,orar
creek,Cala
supply,suministrar
boot,bota
whisper,susurro
resist,resistir
journey,viaje
flag,bandera
disorder,trastorno
designer,diseñador
literally,literalmente
apparent,aparente
permanent,permanente
angle,ángulo
smooth,liso
unlike,diferente a
tablespoon,cucharada
smoke,fumar
consultant,consultor
twin,mellizo
favor,favor
throat,garganta
construct,construir
birthday,cumpleaños
soon,pronto
swing,ritmo
supporter,seguidor
testing,pruebas
reasonable,razonable
mail,correo
silver,plata
retirement,Jubilación
sensitive,sensible
gentleman,Caballero
navy,Armada
terrorism,terrorismo
occasionally,ocasionalmente
glance,vistazo
observer,observador
constantly,constantemente
bind,unir
wet,mojado
line,línea
dig,cavar
quit,abandonar
digital,digital
straight,derecho
vs,VS
assist,asistir
employment,empleo
suggestion,sugerencia
rapidly,rápidamente
estimate,estimar
embrace,abrazar
junior,júnior
stomach,estómago
extreme,extremo
pretty,bastante
mine,mía
recovery,recuperación
negotiate,negociar
impression,impresión
wage,sueldo
fifth,quinto
FALSE,FALSO
count,contar
pink,rosado
absence,ausencia
aggressive,agresivo
corn,maíz
mixture,mezcla
substantial,sustancial
grandmother,abuela
quietly,en silencio
jail,celda
specialist,especialista
dealer,distribuidor
poem,poema
butter,manteca
conventional,convencional
pace,paso
intention,intención
peer,par
restore,restaurar
wooden,de madera
criticize,criticar
nevertheless,a pesar de eso
approval,aprobación
historic,histórico
secure,seguro
preparation,preparación
Latin,latín
lord,señor
teaspoon,cucharilla
musical,musical
weigh,pesar
comment,comentario
pan,cacerola
assure,asegurar
viewer,espectador
arise,surgir
administrator,administrador
immigration,inmigración
plant,planta
honest,honesto
origin,origen
giant,gigante
diversity,diversidad
tomato,tomate
advise,aconsejar
biological,biológico
shell,caparazón
essay,ensayo
roll,rollo
historian,historiador
deputy,diputado
date,fecha
effectively,efectivamente
fast,rápido
schedule,calendario
buck,dólar
tube,tubo
refugee,refugiado
depth,profundidad
flat,piso
precisely,precisamente
mad,loco
alternative,alternativa
disability,discapacidad
destruction,destrucción
dream,sueño
drop,soltar
assumption,suposición
normally,normalmente
angel,ángel
pop,estallido
criteria,criterios
minor,menor
crop,cultivo
barrier,barrera
assign,asignar
elementary,elemental
valuable,valioso
testimony,testimonio
stake,participación
concert,concierto
label,etiqueta
routine,rutina
wealth,poder
professional,profesional
gang,pandilla
incorporate,incorporar
brand,marca
recipe,receta
vacation,vacaciones
utility,utilidad
satellite,satélite
extraordinary,extraordinario
wave,ola
ultimate,último
chemical,químico
advocate,defensor
wonder,preguntarse
educator,educador
cake,pastel
phrase,frase
yell,gritar
personally,personalmente
respondent,demandado
Palestinian,palestino
classic,clásico
snap,siesta
via,a través de
lawsuit,demanda judicial
install,Instalar en pc
sweep,barrer
festival,festival
draft,borrador
heaven,cielo
switch,cambiar
activist,activista
ceiling,techo
clock,reloj
graduate,graduado
aunt,tía
darkness,oscuridad
daddy,papi
royal,real
advertising,publicidad
rough,bruto
pregnant,embarazada
penalty,multa
distant,distante
developing,desarrollando
yield,producir
wind,viento
armed,armado
mechanism,mecanismo
rank,rango
killer,asesino
fence,valla
ahead,adelante
universal,universal
terror,terror
wolf,lobo
house,casa
anxiety,ansiedad
chemical,químico
found,encontrado
protein,proteína
engineering,Ingenieria
clothing,ropa
proceed,Continuar
fiber,fibra
react,reaccionar
bottom,fondo
spin,girar
roughly,aproximadamente
drama,drama
liberty,libertad
ingredient,ingrediente
hip,cadera
provision,disposición
burden,carga
teen,adolescente
survival,supervivencia
unlikely,improbable
Italian,italiano
chamber,cámara
lost,perdió
communicate,comunicar
stupid,tonto
bet,apuesta
advance,avance
Muslim,musulmán
bell,campana
onion,cebolla
disagree,discrepar
encounter,encontrar
constitutional,constitucional
cabinet,gabinete
remarkable,notable
broken,roto
latter,último
overcome,vencer
virus,virus
stranger,extraño
retain,retener
match,partido
prize,premio
string,cuerda
exhibition,exhibición
expansion,expansión
tremendous,tremendo
bunch,racimo
assistant,asistente
initially,inicialmente
accurate,preciso
cheek,mejilla
index,índice
occupy,ocupar
gear,engranaje
guarantee,garantizar
chocolate,chocolate
ceremony,ceremonia
button,botón
shopping,compras
pay,pagar
dispute,disputar
like,como
furniture,mueble
marine,marina
statistics,Estadísticas
Olympic,olímpico
balance,balance
wipe,pasar un trapo
spokesman,portavoz
super,súper
Islamic,islámico
track,pista
translate,traducir
interpret,interpretar
testify,testificar
cooperation,cooperación
friendly,amigable
profile,perfil
pants,pantalones
whereas,mientras que
honor,honor
elite,élite
decline,rechazar
port,Puerto
complicated,Complicado
cousin,prima
strategic,estratégico
terrorist,terrorista
chart,gráfico
drawing,dibujo
though,aunque
gently,suavemente
pack,paquete
odd,raro
incentive,incentivo
innocent,inocente
imply,implicar
taste,gusto
stadium,estadio
scenario,guión
shooting,tiroteo
blind,ciego
assembly,asamblea
withdraw,retirar
strip,banda
market,mercado
lover,amante
process,proceso
mainly,principalmente
aircraft,aeronave
newly,recién
ideal,ideal
dirt,tierra
flow,flujo
boundary,Perímetro
resort,complejo
genetic,genético
stick,vara
concentration,concentración
naturally,naturalmente
ministry,ministerio
surprising,sorprendente
adviser,asesor
recommendation,recomendación
similarly,similar
justify,justificar
wildlife,fauna silvestre
bench,mesa de trabajo
bullet,bala
mode,modo
square,cuadrado
champion,campeón
dismiss,despedir
deck,cubierta
lifetime,toda la vida
extensive,extenso
attractive,atractivo
politically,políticamente
regularly,regularmente
raw,crudo
fault,culpa
clinical,clínico
detect,detectar
considerable,considerable
working,laboral
partly,parcialmente
platform,plataforma
remote,remoto
blue,azul
respect,el respeto
top,cima
fortune,fortuna
slave,esclavo
delivery,entrega
worth,valer
reflection,reflexión
relevant,importante
unknown,desconocido
pause,pausa
likely,probable
tissue,pañuelo de papel
sink,lavabo
counter,encimera
Bible,Biblia
license,licencia
tragedy,tragedia
assistant,asistente
dialogue,diálogo
mutual,mutual
loose,perder
external,externo
pride,orgullo
awareness,conciencia
electricity,electricidad
diverse,diverso
advanced,avanzado
free,gratis
faster,más rápido
conservative,conservador
online,en línea
assault,agresión
shortly,dentro de poco
finance,Finanzas
originally,originalmente
founder,fundador
lie,mentir
characterize,caracterizar
protest,protesta
pole,polo
intellectual,intelectual
communist,comunista
infection,infección
controversy,controversia
double,doble
freeze,congelar
portrait,retrato
proof,prueba
satisfaction,satisfacción
insight,visión
headquarters,sede
stair,escalera
crash,chocar
constitute,constituir
thirty,treinta
alter,alterar
sudden,repentino
not,no
potentially,potencialmente
dirty,sucio
evolve,evolucionar
teenager,adolescente
violation,violación
joy,alegría
smell,oler
possess,poseer
hurricane,huracán
offense,ofensa
relax,relax
appeal,apelación
mount,montar
treaty,tratado
prior,previo
memorial,monumento
establishment,establecimiento
hold,mantener
tap,grifo
swim,nadar
properly,adecuadamente
gulf,Golfo
tongue,lengua
salad,ensalada
practice,práctica
favorite,favorito
shelter,abrigo
correspondent,corresponsal
introduction,Introducción
funeral,funeral
literary,literario
convert,convertir
violate,violar
rub,frotar
entrance,entrada
episode,episodio
tournament,torneo
vital,vital
stable,estable
split,separar
representation,representación
stress,estrés
fiction,ficción
lane,carril
distinction,distinción
segment,segmento
transfer,transferir
comprehensive,integral
confident,seguro
easy,fácil
prominent,prominente
presentation,presentación
net,neto
squeeze,estrujar
tobacco,tabaco
significance,significado
imagination,imaginación
pretend,pretender
mere,mero
mix,mezcla
spot,Mancha
fade,desvanecerse
steady,estable
neither,ninguno de los dos
target,objetivo
nowhere,en ningún lugar
variation,variación
radical,radical
adventure,aventura
profession,profesión
exciting,emocionante
fate,destino
regardless,a pesar de todo
load,carga
singer,cantante
distribute,distribuir
ton,tonelada
instance,instancia
affiliation,afiliación
hunting,caza
pale,pálido
paint,pintura
poet,poeta
gradually,gradualmente
partnership,camaradería
capability,capacidad
Canadian,canadiense
tech,técnico
commerce,comercio
grandfather,abuelo
bake,hornear
shelf,estante
honey,miel
round,ronda
flee,huir
adapt,adaptar
buyer,comprador
divorce,divorcio
defensive,defensivo
bombing,bombardeo
scared,asustado
gesture,gesto
poetry,poesía
reserve,reserva
satisfy,satisfacer
pollution,polución
lawn,césped
depending,dependiente
wisdom,sabiduría
since,ya que
comfort,comodidad
plot,trama
vulnerable,vulnerable
explosion,explosión
tail,cola
differ,diferir de
fellow,compañero
sustain,sostener
doubt,duda
stability,estabilidad
fantasy,fantasía
obligation,obligación
God,Dios
damage,daño
bike,bicicleta
dining,comida
guide,guía
custom,disfraz
ill,enfermo
celebrity,celebridad
leather,cuero
given,dado
framework,estructura
beat,derrotar
owe,deber
slight,leve
witness,testigo
tendency,tendencia
load,carga
crack,grieta
briefly,brevemente
derive,derivar
speaker,altavoz
scandal,escándalo
fifteen,quince
scheme,esquema
jazz,jazz
in,en
elderly,anciano
celebration,celebracion
can,puede
evolution,evolución
fighter,combatiente
publicly,en público
store,Tienda
trace,rastro
rid,librar
detective,detective
closer,cerca
limitation,limitación
besides,además
soup,sopa
oven,horno
rapid,rápido
chase,perseguir
sophisticated,sofisticado
tribe,tribu
pipe,tubo
deer,ciervo
illustration,ilustración
ok,OK
arrest,arrestar
mm-hmm,mm-hmm
uniform,uniforme
transmission,transmisión
storage,almacenamiento
pile,pila
survivor,sobreviviente
resemble,asemejarse a
incredible,increíble
impress,impresionar
economist,economista
efficient,eficiente
fifty,cincuenta
shade,sombra
opera,ópera
calculate,calcular
preference,preferencia
guideline,guía
consume,consumir
maintenance,mantenimiento
formation,formación
glove,guante
scholarship,beca
educate,educar
proportion,proporción
appointment,cita
fund,fondo
conviction,convicción
myth,mito
solar,solar
vessel,buque
wealthy,saludable
friendship,amistad
membership,afiliación
craft,artesanía
qualify,calificar
French,Francés
earnings,ganancias
waste,desperdiciar
asleep,dormido
porch,porche
controversial,controversial
painful,doloroso
congressman,congresista
mama,mamá
monitor,monitor
surprise,sorpresa
infant,niño
cow,vaca
proposed,propuesto
sufficient,suficiente
oak,roble
terrorist,terrorista
mall,centro comercial
punishment,castigo
helpful,útil
ongoing,en curso
admission,admisión
frequency,frecuencia
ratio,relación
delay,demora
privacy,privacidad
trick,truco
etc,etc.
circuit,circuito
musician,músico
sue,demandar
purchase,compra
aide,ayudante
modest,modesto
helicopter,helicóptero
empire,imperio
detailed,detallado
efficiency,eficiencia
humor,humor
sanctions,sanciones
badly,gravemente
tennis,tenis
emission,emisión
desperate,desesperado
garlic,ajo
contest,concurso
strengthen,fortalecer
demonstration,demostración
restriction,restricción
Irish,irlandesa
hunter,cazador
standing,en pie
handful,puñado
explode,explotar
prompt,oportuno
absorb,absorber
suspect,sospechar
eager,ansioso
temporary,temporario
commissioner,notario
diamond,diamante
curious,curioso
differently,diferentemente
across,al otro lado de
reservation,reserva
downtown,centro
adjustment,ajustamiento
composition,composición
relative,pariente
tiger,Tigre
fabric,tela
assert,afirmar
discrimination,discriminación
float,flotar
request,solicitud
math,Matemáticas
overlook,pasar por alto
corps,cuerpo
sequence,secuencia
complex,complejo
heel,tacón
successfully,exitosamente
examination,examen
horizon,horizonte
German,Alemán
absolute,absoluto
anticipate,anticipar
yours,tuyo
dominant,dominante
bull,toro
prevention,prevención
meter,metro
legitimate,legítimo
mask,máscara
bite,morder
suit,traje
stroke,carrera
assignment,asignación
lion,león
sense,sentido
rifle,rifle
brilliant,brillante
appoint,nombrar
boom,auge
naked,desnudo
hungry,hambriento
tight,ajustado
flame,fuego
Palestinian,palestino
economics,ciencias económicas
cabin,cabina
print,imprimir
orange,naranja
wander,vagar
taxpayer,contribuyente
romantic,romántico
devote,dedicar
inflation,inflación
furthermore,además
pine,pino
agriculture,agricultura
legacy,legado
extension,extensión
barrel,barril
arrival,llegada
register,Registrarse
flavor,sabor
versus,versus
risk,riesgo
flesh,carne
submit,entregar
garage,garaje
cotton,algodón
operator,operador
nut,tuerca
rate,índice
blade,espada
girlfriend,Novia
fly,volar
dependent,dependiente
carbon,carbón
heritage,patrimonio
organic,orgánico
ambassador,embajador
invasion,invasión
summit,cumbre
lifestyle,estilo de vida
agricultural,agrícola
shrug,encogimiento de hombros
counsel,consejo
associate,asociado
major,importante
distinguish,distinguir
menu,menú
awful,horrible
wound,herida
manufacturing,fabricación
consumption,consumo
permission,permiso
twelve,doce
offensive,ofensivo
shower,ducha
collapse,colapsar
undergo,someterse
function,función
consciousness,conciencia
correct,correcto
dry,seco
frustration,frustración
operating,operando
ease,facilitar
carrier,transportador
scope,alcance
grain,grano
distinct,distinto
ranch,rancho
workshop,taller
auto,auto
publisher,editor
narrator,narrador
brush,cepillar
ban,prohibición
portray,retratar
fighting,lucha
borrow,tomar prestado
seize,tomar
psychology,psicología
subsequent,subsecuente
exceed,superar
crack,grieta
killing,asesinato
deadline,fecha tope
athletic,atlético
wise,inteligente
medication,medicamento
repeatedly,repetidamente
frequent,frecuente
rocket,cohete
fame,fama
lung,pulmón
depict,representar
persuade,persuadir
tent,carpa
ah,ahorcado
motivation,motivación
odds,posibilidades
worried,preocupado
principal,director de escuela
firm,firma
ugly,feo
adequate,adecuado
nonetheless,sin embargo
criminal,delincuente
widespread,extendido
transformation,transformación
physically,físicamente
provider,proveedor
admire,admirar
headline,titular
miracle,milagro
institutional,institucional
homeless,Vagabundo
impressive,impresionante
chef,cocinero
tactic,táctica
measurement,medición
identification,identificación
province,provincia
moderate,moderado
consensus,consenso
lovely,encantador
comedy,comedia
shore,orilla
photographer,fotógrafo
venture,empresa
competitor,competidor
nomination,nominación
confusion,Confusión
attribute,atributo
horror,horror
orientation,orientación
weekly,semanal
legislature,legislatura
basket,cesta
crash,chocar
continued,continuado
blanket,manta
orange,naranja
eagle,águila
changing,cambiando
mouse,ratón
ethics,ética
high,alto
ghost,fantasma
everyday,cotidiano
rope,cuerda
formula,fórmula
exhibit,anexo
nerve,nervio
cope,afrontar
running,corriendo
psychologist,psicólogo
acid,ácido
principal,director de escuela
pet,mascota
pitch,tono
occupation,ocupación
courage,coraje
defeat,vencer
pregnancy,el embarazo
actress,Actriz
patch,parche
margin,margen
reinforce,reforzarse
collective,colectivo
brick,ladrillo
script,guion
cooking,Cocinando
tunnel,túnel
document,documento
concrete,hormigón
recruit,recluta
grocery,tienda de comestibles
lemon,limón
dare,atrevimiento
exact,exacto
battery,batería
surprisingly,asombrosamente
artistic,artístico
shit,mierda
indication,indicación
cookie,Galleta
intensity,intensidad
dramatically,dramáticamente
piano,piano
concerning,sobre
lap,regazo
inquiry,consulta
Catholic,católico
discourse,discurso
laughter,risa
anniversary,aniversario
telescope,telescopio
swear,jurar
park,parque
charity,caridad
clue,clave
grave,tumba
narrative,narrativo
hypothesis,hipótesis
upset,disgustado
acceptable,aceptable
favor,favor
couch,sofá
defendant,acusado
compose,componer
cool,frio
ballot,votación
related,relacionado
cluster,grupo
pie,tarta
concern,preocupación
recording,grabación
rail,carril
decrease,disminuir
rape,violación
interrupt,interrumpir
architect,arquitecto
sigh,suspiro
remark,observación
Christian,cristiano
invent,inventar
prescription,prescripción
reward,premio
sacred,sagrado
organ,Organo
abroad,en el extranjero
devil,demonio
dear,Estimado
rank,rango
superior,superior
military,militar
greatly,muy
airplane,avión
host,anfitrión
habitat,hábitat
coal,carbón
soccer,fútbol
entitle,dar derecho
delay,demora
instructor,instructor
integrity,integridad
shine,brillar
mess,lío
norm,norma
allegation,alegación
pill,píldora
tight,ajustado
cry,llorar
okay,okey
pleased,complacido
plain,llanura
inspector,inspector
forum,foro
powder,polvo
sin,pecado
evident,evidente
sponsor,patrocinador
acceptance,aceptación
prosecution,enjuiciamiento
cognitive,cognitivo
presidency,presidencia
finance,Finanzas
favor,favor
magic,magia
northwest,noroeste
regulate,regular
exclude,excluir
colonial,colonial
rent,renta
peer,par
civilian,civil
harbor,puerto
estimated,estimado
rhythm,ritmo
midnight,medianoche
counselor,consejero
highlight,destacar
palace,palacio
trading,comercio
compound,compuesto
bare,desnudo
echo,eco
integrate,integrar
slice,rodaja
combat,combate
shop,tienda
medium,medio
log,Iniciar sesión
surgeon,cirujano
excuse,disculpar
ritual,ritual
resign,renunciar
net,neto
excited,emocionado
lightly,ligeramente
evil,demonio
bitter,amargo
export,exportar
swing,ritmo
clay,arcilla
logic,lógica
virtue,virtud
container,envase
quarterback,jugador de ataque
beg,mendigar
salmon,salmón
greet,saludar
curve,curva
mill,molino
closet,armario
interior,interior
rod,varilla
candy,caramelo
restrict,restringir
initiate,iniciado
reverse,contrarrestar
ethical,ético
secondary,secundario
administrative,administrativo
confuse,confundir
deadly,mortal
pig,cerdo
suburban,suburbano
medal,medalla
receiver,receptor
gaze,mirada
collapse,colapsar
snake,serpiente
march,marcha
experimental,experimental
civilization,civilización
classical,clásico
fold,pliegue
weakness,debilidad
corridor,corredor
harsh,duro
retail,venta minorista
mortgage,hipoteca
harder,más difícil
developer,desarrollador
legend,leyenda
excitement,excitación
enforce,hacer cumplir
murder,asesinato
occasional,ocasional
cowboy,vaquero
minimum,mínimo
flash,Flash
reliable,de confianza
suburb,suburbio
melt,derretir
fit,encajar
contend,contender
plead,alegar
written,escrito
flood,inundación
unlike,diferente a
stem,tallo
inevitable,inevitable
essence,esencia
pitcher,lanzador
tip,propina
subtle,sutil
stretch,estirarse
slam,golpe
unemployment,desempleo
trunk,maletero
privilege,privilegio
burst,Estallar
pitch,tono
architecture,arquitectura
monthly,mensual
render,prestar
mainstream,convencional
frankly,francamente
obstacle,obstáculo
motivate,motivar
trap,trampa
drinking,Bebiendo
elbow,codo
rumor,rumor
swallow,tragar
legislative,legislativo
lecture,conferencia
daily,diariamente
jeans,vaqueros
duck,pato
slope,Pendiente
t-shirt,camiseta de manga corta
inspection,inspección
speed,velocidad
strict,estricto
overwhelming,agobiante
assemble,armar
missing,desaparecidos
seemingly,aparentemente
label,etiqueta
fraud,fraude
reach,llegar
plain,llanura
protest,protesta
implementation,implementación
hunt,caza
boyfriend,novio
integration,integración
rat,rata
wish,desear
broadcast,transmisión
Korean,coreano
nail,clavo
pen,lápiz
consult,consultar
companion,compañero
encounter,encontrar
monster,monstruo
nightmare,pesadilla
beef,carne de vaca
win,ganar
serving,servicio
globe,globo
cholesterol,colesterol
parliament,parlamento
suite,suite
continuing,continuo
pop,estallido
hence,por lo tanto
lend,prestar
project,proyecto
sixth,sexto
mud,lodo
pump,bomba
flour,harina
hostage,rehén
ownership,propiedad
facilitate,facilitar
basement,sótano
correlation,correlación
hurry,apuro
insect,insecto
arena,arena
drift,deriva
notice,darse cuenta
domain,dominio
cave,cueva
African-American,Afroamericano
consistently,consecuentemente
leap,salto
final,final
effectiveness,eficacia
maximum,máximo
array,formación
unexpected,inesperado
curtain,cortina
sandwich,sándwich
peaceful,pacífico
humanity,humanidad
prediction,predicción
Roman,romano
ideology,ideología
railroad,ferrocarril
possession,posesión
horn,bocina
replacement,reemplazo
announcement,anuncio
pond,estanque
conduct,conducta
forgive,perdonar
past,pasado
Muslim,musulmán
bishop,obispo
aim,apuntar
top,cima
uncomfortable,incómodo
subject,sujeto
laugh,risa
rip,rotura
random,aleatorio
herb,hierba
and/or,y/o
dump,vertedero
online,en línea
warm,cálido
guilt,culpa
cattle,ganado
strain,presion
sheriff,alguacil
behave,comportarse
response,respuesta
crystal,cristal
execute,ejecutar
wrist,pulsera
motive,motivo
painter,pintor
convict,condenar
simultaneously,simultaneamente
recession,recesión
await,esperar
hallway,Vestíbulo
dose,dosis
brush,cepillar
endure,soportar
counseling,asesoramiento
civilian,civil
suck,chupar
accommodate,acomodar
traditionally,tradicionalmente
spill,derramar
fiscal,fiscal
welcome,bienvenidos
retired,jubilado
closed,cerrado
gentle,amable
separation,separación
guard,Guardia
warrior,guerrero
convinced,convencido
southwest,Sur oeste
drunk,borracho
outdoor,exterior
tune,melodía
patient,paciente
harm,daño
cloth,paño
wherever,donde quiera
administer,administrar
short,pequeño
supervisor,supervisor
compromise,compromiso
grateful,agradecido
Hispanic,Hispano
Japanese,japonés
mandate,mandato
average,promedio
alarm,alarma
cruise,crucero
injure,lesionar
sculpture,escultura
award,premio
drain,fuga
temple,templo
dancer,bailarín
towel,toalla
Islam,islam
continuous,continuo
govern,regir
crown,corona
contractor,contratista
adolescent,adolescente
skirt,falda
abuse,abuso
bacteria,bacterias
adoption,adopción
intelligent,inteligente
praise,elogio
outer,exterior
nearby,cercano
glance,vistazo
grip,agarre
profound,profundo
trigger,desencadenar
stuff,cosas
uncertainty,incertidumbre
driving,conduciendo
enthusiasm,entusiasmo
complexity,complejidad
excuse,disculpar
cafe,cafetería
survey,encuesta
virtual,virtual
undermine,socavar
unity,unidad
chaos,caos
commonly,comúnmente
endless,sin fin
rhetoric,retórica
trait,rasgo
pension,pensión
genuine,auténtico
sweat,sudor
European,europeo
innovation,innovación
no,no
matter,importar
currency,moneda
forty,cuarenta
lobby,vestíbulo
theoretical,teórico
bat,murciélago
makeup,maquillaje
pleasant,agradable
rebuild,reconstruir
horrible,horrible
pad,almohadilla
suspend,suspender
relieve,aliviar
resume,reanudar
respectively,respectivamente
promotion,promoción
technological,tecnológico
galaxy,galaxia
altogether,en total
apologize,disculparse
research,investigar
infrastructure,infraestructura
shuttle,lanzadera
thumb,pulgar
questionnaire,cuestionario
sidewalk,acera
businessman,empresario
weird,extraño
radiation,radiación
format,formato
scare,susto
bounce,rebotar
doll,muñeca
attraction,atracción
needle,aguja
Israeli,israelí
lock,cerrar
counterpart,contrapartida
convey,transmitir
compensation,compensación
ship,Embarcacion
exclusive,exclusivo
twist,giro
precise,preciso
suspicion,sospecha
southeast,Sureste
walking,caminando
boost,aumentar
scatter,dispersión
rebel,rebelde
van,camioneta
identical,idéntico
shame,verguenza
blow,soplar
delicate,delicado
Olympics,Juegos Olímpicos
wider,más amplio
corruption,corrupción
hook,gancho
lieutenant,teniente
firmly,firmemente
structural,estructural
pause,pausa
invisible,invisible
forehead,frente
traveler,viajero
meaningful,significativo
provided,proporcionó
colony,colonia
signature,firma
database,base de datos
clerk,empleado
dedicate,dedicar
determination,determinación
signal,señal
anxious,ansioso
sum,suma
frozen,congelado
juror,jurado
timing,sincronización
punish,castigar
crawl,gatear
conscious,consciente
colonel,coronel
fitness,aptitud física
landing,aterrizaje
doctrine,doctrina
belly,barriga
pope,papa
thereby,de este modo
historically,históricamente
playoff,eliminatoria
poster,póster
harder,más difícil
acquisition,adquisición
rescue,rescate
departure,salida
summary,resumen
wrong,equivocado
medium,medio
chronic,crónico
evil,demonio
handsome,guapo
finish,terminar
hug,abrazo
wow,guau
pursuit,buscar
residence,residencia
loud,alto
promising,prometedor
disk,disco
doorway,puerta
diagnosis,diagnóstico
scout,explorar
cancel,cancelar
desire,deseo
amid,entre
envelope,sobre
sooner,cuanto antes
beam,haz
reluctant,reacio
spouse,cónyuge
fluid,líquido
exit,salida
mild,leve
electrical,eléctrico
bite,morder
bath,baño
decent,decente
ankle,tobillo
transaction,transacción
reporting,informes
exhibit,anexo
pit,foso
practically,prácticamente
oxygen,oxígeno
racism,racismo
fist,puño
garbage,basura
ban,prohibición
guitar,guitarra
expertise,pericia
parade,desfile
exploration,exploración
carve,esculpir
realm,reino
recipient,recipiente
residential,Residencial
bias,parcialidad
sunlight,luz de sol
lamp,lámpara
donor,donante
repair,reparar
sharply,bruscamente
hers,suyo
guidance,guía
diplomatic,diplomático
classic,clásico
purple,púrpura
princess,princesa
candle,vela
advocate,defensor
generous,generoso
strip,banda
necessity,necesidad
tuck,pliegue
debate,debate
statue,estatua
frame,marco
elevator,ascensor
popularity,popularidad
indicator,indicador
entity,entidad
interior,interior
limb,miembro
bold,atrevido
hesitate,dudar
magic,magia
starting,a partir de
diminish,disminuir
inside,en el interior
readily,fácilmente
elegant,elegante
engagement,compromiso
rage,furia
destination,destino
realistic,realista
intent,intención
metaphor,metáfora
automobile,automóvil
productive,productivo
endorse,endosar
isolate,aislar
confess,confesar
wilderness,desierto
minimize,minimizar
diagnose,diagnosticar
happiness,felicidad
spectrum,espectro
hint,pista
eating,comiendo
tune,melodía
volunteer,voluntario
abstract,resumen
revolutionary,revolucionario
gym,gimnasia
addition,suma
Russian,ruso
disappointed,desilusionado
particle,partícula
repair,reparar
dynamic,dinámica
pump,bomba
kiss,Beso
value,valor
automatically,automáticamente
overall,general
dawn,amanecer
ruling,decisión
mechanical,mecánico
feel,sentir
vitamin,vitamina
silly,tonto
handle,manejar
artificial,artificial
outstanding,sobresaliente
age,años
peel,cáscara
rescue,rescate
oral,oral
o'clock,en punto
undertake,emprender
lonely,solitario
servant,servidor
indigenous,indígena
civic,cívico
full-time,tiempo completo
worry,preocuparse
cooperate,cooperar
casual,casual
behavioral,de comportamiento
shortage,escasez
reception,recepción
offering,ofrecimiento
huh,¿eh?
credibility,credibilidad
chin,barbilla
physics,física
vanish,desaparecer
blend,mezclar
noon,mediodía
precious,precioso
command,dominio
wake,despertar
flip,voltear
scary,de miedo
pizza,pizza
toilet,inodoro
representative,representante
silk,seda
bid,licitación
gathering,reunión
softly,suavemente
annually,anualmente
hook,gancho
suffering,sufrimiento
accuracy,precisión
marine,marina
broker,corredor
hopefully,Ojalá
descend,descender
tide,marea
trail,sendero
stumble,tropezón
verbal,verbal
spring,primavera
collector,coleccionista
judicial,judicial
burning,incendio
inventory,inventario
fool,engañar
way,manera
loyalty,lealtad
performer,ejecutante
kit,equipo
romance,romance
quantity,cantidad
alleged,presunto
therapist,terapeuta
longtime,largo tiempo
sink,lavabo
sentiment,sentimiento
sodium,sodio
seal,sello
trailer,remolque
spread,desparramar
shared,compartido
equity,equidad
banking,bancario
ridiculous,ridículo
processing,Procesando
please,por favor
dilemma,dilema
quest,búsqueda
pillow,almohada
slice,rodaja
shock,conmoción
lately,últimamente
laser,láser
rigid,rígido
ours,nuestro
prohibit,prohibir
switch,cambiar
genius,genio
starter,inicio
stem,tallo
primary,primario
cart,carro
trap,trampa
Cuban,cubano
inmate,preso
sacrifice,sacrificio
officially,oficialmente
slap,bofetada
credit,crédito
mysterious,misterioso
Arab,árabe
specialize,especializarse
fork,tenedor
invitation,invitación
sail,navegar
regulatory,regulador
cartoon,dibujos animados
stiff,tieso
courtroom,sala de justicia
import,importar
tightly,estrechamente
flash,Flash
equation,ecuación
treasure,tesoro
jaw,mandíbula
scan,escanear
condemn,condenar
improved,mejorado
pickup,pasar a buscar
dignity,dignidad
inspiration,inspiración
automatic,automático
merchant,comerciante
Greek,Griego
hostile,hostil
extended,extendido
homeland,patria
gasoline,gasolina
gravity,gravedad
defeat,vencer
near,cerca
thoroughly,minuciosamente
exchange,intercambio
bow,arco
glory,gloria
reserve,reserva
optimistic,optimista
sergeant,sargento
casualty,víctima
concede,conceder
bloody,sangriento
barn,granero
donate,donar
unite,unir
pro,Pro
senior,sénior
feedback,comentario
grief,pena
spite,despecho
steep,empinado
productivity,productividad
conceive,concebir
tender,tierno
continent,continente
hardware,hardware
equip,equipar
wagon,vagón
besides,además
output,producción
withdrawal,retiro
elder,mayor
cage,jaula
coastal,costero
patience,paciencia
shallow,poco profundo
earthquake,terremoto
voting,votación
input,aporte
canvas,lienzo
slide,diapositiva
click,hacer clic
sword,espada
mate,compañero
portfolio,portafolio
bug,bicho
refrigerator,refrigerador
escape,Escapar
heat,calor
northeast,Noreste
seventh,séptimo
post,publicar
combined,conjunto
alien,extraterrestre
willingness,disponibilidad
hidden,oculto
accounting,contabilidad
sexually,sexualmente
chop,picar
patrol,patrulla
symbolic,simbólico
ruin,ruina
rock,roca
drum,tambor
opposed,opuesto
sheer,escarpado
ideological,ideológico
discourage,desalentar
canal,canal
prior,previo
haul,transportar
protective,protector
regard,respecto
conspiracy,conspiración
steam,vapor
embassy,embajada
tackle,abordar
tropical,tropical
instantly,instantáneamente
bubble,burbuja
calm,calmar
sheep,oveja
rent,renta
accent,acento
grasp,sujetar
modify,modificar
grin,sonrisa
toxic,tóxico
mixed,mezclado
magnitude,magnitud
afterward,después
root,raíz
progressive,progresivo
manipulate,manipular
vaccine,vacuna
monument,Monumento
trace,rastro
verdict,veredicto
flexible,flexible
declaration,declaración
costume,traje
drawer,cajón
bless,bendecir
rack,estante
secure,seguro
position,posición
deeper,Más adentro
divorce,divorcio
neutral,neutral
fascinating,fascinante
terrific,fantástico
sympathy,compasión
draft,borrador
spectacular,espectacular
ounce,onza
rear,trasero
inn,Posada
collaboration,colaboración
clip,acortar
instruct,instruir
sock,calcetín
rider,jinete
revelation,revelación
object,objeto
accomplishment,logro
seal,sello
faint,débil
ease,facilitar
spell,deletrear
gospel,evangelio
whale,ballena
theatre,teatro
coordinator,coordinador
talented,talentoso
alongside,junto a
cab,taxi
isolation,aislamiento
costly,costoso
tragic,trágico
loud,alto
instinct,instinto
seat,asiento
intimate,íntimo
underlying,subyacente
respect,el respeto
influential,influyente
pastor,pastor
presumably,presumiblemente
cook,cocinero
skip,saltar
eleven,once
tens,declive
whoever,quien
ancestor,antepasado
safely,sin peligro
nominee,candidato
exotic,exótico
minimal,mínimo
uncertain,incierto
Persian,persa
parental,de los padres
orchestra,orquesta
treasury,tesorería
tolerate,tolerar
gallon,galón
thigh,hermético
fortunately,por suerte
ambitious,ambicioso
actively,activamente
flexibility,flexibilidad
jar,frasco
cocaine,cocaína
incredibly,increíblemente
consequently,como consecuencia
documentary,documental
charge,cargar
insert,insertar
ambition,ambición
functional,funcional
bankruptcy,bancarrota
runner,corredor
execution,ejecución
crush,Persona especial
buddy,amigo
workplace,lugar de trabajo
skull,cráneo
cord,cable
fixed,fijado
equivalent,equivalente
casino,casino
reliability,fiabilidad
expected,esperado
boil,hervir
whip,látigo
divine,divino
proposition,proposición
census,censo
correction,corrección
jump,saltar
diary,diario
nest,nido
statute,estatuto
exam,examen
metropolitan,metropolitano
star,estrella
nutrition,nutrición
breeze,brisa
illusion,espejismo
anonymous,anónimo
coup,golpe
midst,medio
edit,editar
experienced,experimentado
castle,castillo
sort,clasificar
exploit,explotar
jewelry,joyas
diabetes,diabetes
translation,Traducción
Dutch,Holandés
upset,disgustado
harm,daño
irony,ironía
associated,asociado
utilize,utilizar
rabbit,Conejo
soap,jabón
booth,puesto
minimum,mínimo
immune,inmune
gut,intestino
appreciation,apreciación
cast,emitir
scramble,lucha
upstairs,piso de arriba
punch,puñetazo
gross,bruto
liability,responsabilidad
accessible,accesible
mechanic,mecánico
ass,culo
aesthetic,estético
dessert,postre
waist,cintura
alike,similar
brave,corajudo
loop,círculo
passing,paso
partially,parcialmente
statistical,estadístico
correctly,correctamente
pin,alfiler
practitioner,facultativo
encouraging,alentador
syndrome,síndrome
tribal,tribal
persist,persistir
trash,basura
teenage,Adolescente
self-esteem,autoestima
preliminary,preliminar
stay,Quédate
sunset,puesta de sol
harassment,acoso
reportedly,según se informa
quote,cotizar
fever,fiebre
panic,pánico
charter,carta
outlook,panorama
foster,fomentar
comprise,comprender
known,conocido
Thanksgiving,Acción de gracias
short-term,término corto
shed,cobertizo
cooperative,cooperativa
alley,callejón
subsidy,subvención
secular,secular
aluminum,aluminio
cliff,acantilado
gram,gramo
outline,contorno
mentally,mentalmente
invade,invadir
confrontation,confrontación
sacrifice,sacrificio
dissolve,disolver
shy,tímido
coin,moneda
speculation,especulación
creativity,creatividad
custody,custodia
interfere,interferir
spoon,cuchara
bee,abeja
rolling,laminación
interact,interactuar
damn,maldita sea
dam,represa
unfair,injusto
someday,algún día
liquid,líquido
disclose,revelar
mushroom,hongo
disabled,desactivado
counter,encimera
catalog,catalogar
gaze,mirada
publicity,publicidad
compel,obligar
cease,cesar
ideal,ideal
decorate,Decorar
surrounding,rodeando
exclusively,exclusivamente
bonus,prima
unprecedented,sin precedentes
oversee,supervisar
touchdown,aterrizaje
federation,federación
aggression,agresión
behalf,en nombre de
well-known,bien conocido
donation,donación
desperately,desesperadamente
reward,premio
high-tech,alta tecnología
cheat,engañar
audio,audio
sensation,sensación
entrepreneur,emprendedor
proclaim,proclamar
supplier,proveedor
rival,rival
reminder,recordatorio
heal,sanar
case,caso
beast,bestia
uncover,descubrir
merit,mérito
momentum,impulso
stimulate,estimular
rational,racional
columnist,columnista
pioneer,pionero
biology,biología
photography,fotografía
innovative,innovador
purse,cartera
franchise,franquicia
consent,consentir
outfit,vestimenta
eve,víspera
spray,rociar
shove,empujón
fisherman,pescador
sensitivity,sensibilidad
courtesy,cortesía
stack,pila
pork,Cerdo
teammate,compañero de equipo
instant,instante
pulse,legumbres
outsider,forastero
pro,Pro
helmet,casco
ladder,escalera
openly,abiertamente
fierce,feroz
bet,apuesta
required,requerido
shrink,encogerse
cute,lindo
dot,punto
weaken,debilitar
filter,filtrar
worldwide,en todo el mundo
envision,Visualizar
videotape,filmar con una videocámara
partial,parcial
patent,patentar
tray,bandeja
jungle,selva
classify,clasificar
specialty,especialidad
nasty,desagradable
aisle,pasillo
graph,grafico
wound,herida
sexy,sexy
disturb,alterar
excessive,excesivo
banker,banquero
aid,ayuda
installation,instalación
swimming,natación
placement,colocación
attendance,asistencia
informal,informal
sack,bolsa
flood,inundación
eighth,octavo
premise,premisa
grill,parrilla
model,modelo
dying,moribundo
colorful,vistoso
hockey,hockey
backyard,patio interior
collar,cuello
breathing,respiración
logical,lógico
lightning,iluminación
dried,seco
discount,descuento
sole,único
boast,presumir
tag,etiqueta
sibling,hermano
stove,estufa
trainer,entrenador
vertical,vertical
added,agregado
marketplace,mercado
cure,curar
curiosity,curiosidad
organizational,organizativo
shrimp,camarón
inherit,heredar
color,color
distract,distraer
isolated,aislado
planner,planificador
supposedly,según cabe suponer
likewise,asimismo
monkey,mono
toll,peaje
embarrassed,avergonzado
deliberately,deliberadamente
bicycle,bicicleta
stance,postura
orbit,orbita
hormone,hormona
depressed,Deprimido
organism,organismo
deploy,desplegar
strictly,estrictamente
deem,considerar
eyebrow,ceja
legally,legalmente
puzzle,rompecabezas
icon,icono
pat,palmadita
closest,más cercano
sneak,furtivo
fleet,flota
conservation,conservación
supportive,apoyo
comparable,comparable
texture,textura
access,acceso
striking,sorprendentes
associate,asociado
Christianity,cristiandad
dip,salsa
disappointment,decepción
sleeve,manga
socially,socialmente
wheat,trigo
chunk,pedazo
two-thirds,dos tercios
pile,pila
refuge,refugio
blank,blanco
unfold,desplegar
considerably,importantemente
frontier,frontera
faster,más rápido
suspicious,sospechoso
conception,concepción
feather,pluma
elephant,elefante
rain,lluvia
cure,curar
near,cerca
intellectual,intelectual
textbook,libro de texto
joke,broma
glimpse,vistazo
inevitably,inevitablemente
triumph,triunfo
plunge,inmersión
sphere,esfera
hunger,hambre
density,densidad
cheer,alegría
balanced,equilibrado
protocol,protocolo
part,parte
legislator,legislador
auction,subasta
equality,igualdad
risky,arriesgado
cemetery,cementerio
builder,constructor
awake,despierto
retailer,detallista
debut,debut
tighten,apretar
spare,repuesto
compromise,compromiso
constraint,restricción
compliance,cumplimiento
sponsor,patrocinador
emerging,emergente
this,esto
elaborate,elaborar
atop,encima
chew,masticar
similarity,semejanza
pencil,lápiz
calculation,cálculo
tolerance,tolerancia
astronomer,astrónomo
bulk,bulto
arm,brazo
interval,intervalo
notebook,computadora portátil
genre,género
likelihood,probabilidad
liberal,liberal
streak,trazo
rib,costilla
scent,aroma
validity,validez
grin,sonrisa
steer,dirigir
intact,intacto
shark,tiburón
uh,oh
programming,programación
dumb,mudo
formerly,antes
squad,equipo
comply,cumplir
debris,escombros
peasant,campesino
outlet,toma de corriente
chase,perseguir
neat,ordenado
valid,válido
kingdom,Reino
solely,solamente
eligible,elegible
regret,arrepentirse
municipal,municipal
strain,presion
deposit,depósito
transport,transporte
dough,masa
lid,tapa
voluntary,voluntario
journalism,periodismo
any,alguna
impulse,impulso
policeman,policía
objection,objeción
thrive,prosperar
privately,en privado
cling,adherirse
halfway,Medio camino
unhappy,infeliz
rally,reunión
scratch,rascar
robot,robot
conversion,conversión
supermarket,supermercado
blink,parpadear
philosophical,filosófico
happily,felizmente
thread,hilo
allegedly,presuntamente
ash,ceniza
dynamics,dinámica
denial,negación
riot,disturbio
soar,remontarse
mentor,mentor
beard,barba
widow,viuda
offender,delincuente
landmark,punto de referencia
apart,aparte
instant,instante
routinely,rutinariamente
butt,extremo
forbid,prohibir
bomb,bomba
migration,migración
carrot,zanahoria
harmony,armonía
downtown,centro
brutal,brutal
prevail,prevalecer
weed,hierba
exhaust,cansada
pasta,pasta
distinctive,distintivo
fraction,fracción
remark,observación
emotionally,emocionalmente
poke,dar un toque
guarantee,garantizar
dancing,baile
trouble,problema
freshman,estudiante de primer año
suitable,apropiado
youngster,joven
slavery,esclavitud
balloon,globo
opt,optar
crowded,atestado
liver,hígado
listener,oyente
calm,calmar
ironically,irónicamente
affirmative,afirmativo
commodity,producto
fur,pelo
freely,libremente
light,ligero
removal,eliminación
regard,respecto
round,ronda
goat,cabra
shareholder,accionista
expedition,expedición
loyal,leal
conscience,conciencia
fragile,frágil
calendar,calendario
mineral,mineral
coming,viniendo
circle,círculo
fare,tarifa
blessing,bendición
liberation,liberación
steak,filete
liquid,líquido
ecological,ecológico
banana,plátano
catch,captura
steadily,continuamente
blast,explosión
nonprofit,sin ánimo de lucro
mobile,móvil
straw,Paja
projection,proyección
rubber,caucho
overnight,durante la noche
neighboring,vecino
enact,promulgar
favorable,favorable
severely,severamente
demographic,demográfico
terrain,terreno
explicit,explícito
integrated,integrado
terribly,terriblemente
veteran,veterano
level,nivel
sofa,sofá
screw,tornillo
shield,blindaje
invention,invención
Iraqi,iraquí
perceived,percibido
leave,vete
cruel,cruel
bomber,bombardeo
provoke,provocar
autonomy,autonomía
publishing,publicación
retreat,retirada
theology,teología
substantially,sustancialmente
mansion,mansión
developmental,de desarrollo
one-third,un tercio
transmit,transmitir
contemplate,contemplar
authorize,autorizar
mathematics,matemáticas
battle,batalla
old-fashioned,Anticuado
lawmaker,él que hace leyes
threshold,límite
radar,Radar
seldom,raramente
low,bajo
headache,dolor de cabeza
rental,alquiler
spy,espiar
patron,patrón
driveway,entrada de coches
till,hasta que
broadcast,transmisión
overwhelm,abrumar
coordinate,coordinar
vendor,vendedor
transport,transporte
fragment,fragmento
hammer,martillo
seminar,seminario
availability,disponibilidad
peanut,maní
fantastic,fantástico
depart,salir
permit,permiso
cottage,cabaña
specify,especificar
frustrate,frustrar
disturbing,perturbador
artifact,artefacto
basin,cuenca
regain,recuperar
grape,uva
ego,ego
sometime,algún tiempo
organized,organizado
charm,encanto
sweater,suéter
rim,borde
speculate,especular
delight,deleitar
fatigue,fatiga
devastating,devastador
instructional,instructivo
plea,petición
tourism,turismo
crowd,multitud
warmth,calor
jurisdiction,jurisdicción
update,actualizar
accusation,acusación
diagram,diagrama
middle-class,clase media
graduation,graduación
mention,mencionar
beyond,más allá de
within,dentro
spark,Chispa - chispear
convenience,conveniencia
chill,frío
economically,económicamente
undergraduate,de licenciatura
dictate,dictar
regulator,regulador
defender,defensor
workout,ejercicio
accurately,precisamente
tile,loseta
foreigner,extranjero
importantly,en tono rimbombante
citizenship,ciudadanía
plaza,plaza
devise,idear
premium,de primera calidad
chemistry,química
bureaucracy,burocracia
inherent,inherente
hazard,peligro
swell,hinchar
bride,novia
bow,arco
processor,procesador
bucket,balde
timber,madera
feminist,feminista
till,hasta que
tumor,tumor
apology,disculpa
screening,poner en pantalla
arrow,flecha
marker,marcador
sunny,soleado
technician,técnico
homework,tareas para el hogar
fog,niebla
soak,Sumergir
mortality,mortalidad
flying,volador
accountability,responsabilidad
skilled,experto
straighten,enderezar
sprinkle,espolvorear
cue,señal
epidemic,epidemia
articulate,articular
rehabilitation,rehabilitación
diplomat,diplomático
ribbon,cinta
transit,tránsito
militia,milicia
kneel,arrodillarse
seller,vendedor
fatal,fatal
twist,giro
compelling,convincente
praise,elogio
copy,Copiar
well-being,bienestar
laundry,ropa sucia
screen,pantalla
confession,confesión
twentieth,vigésimo
dense,denso
accelerate,acelerar
tribute,tributo
smoking,de fumar
aboard,a bordo
marble,mármol
entertain,entretener
boring,aburrido
scrutiny,escrutinio
bizarre,extraño
bargain,negociar
deeper,Más adentro
drown,ahogar
biography,biografía
naval,naval
nationwide,a escala nacional
skeptical,escéptico
shorts,pantalones cortos
lens,lente
spit,escupir
sexuality,sexualidad
rape,violación
warehouse,depósito
paradise,paraíso
nominate,nombrar
developed,desarrollado
campaign,Campaña
unfortunate,desgraciado
grandchild,nieto
tenure,tenencia
preach,predicar
slot,ranura
stereotype,estereotipo
bulb,bulbo
weave,tejido
merger,fusión
inadequate,inadecuado
objective,objetivo
electronics,electrónica
trim,podar